id;code_assureur;profil;sexe;telephone;created_at;url_photo;adresse
1;architectures Human;ASSURE;FEMININ;(045) 174-8952 x6039;2020-10-13T08:39:22;haptic Frozen Liaison;Sleek Granite Soap Mountains static
2;moderator;ASSURE;MASCULIN;619-800-9690;2020-10-13T21:34:22;Borders orchid calculating;Mobility Identity maximize
3;Wooden;ASSUREUR;MASCULIN;(437) 652-0145 x5286;2020-10-13T12:01:03;Gloves Philippine Peso;Investor Corporate
4;schemas Borders;PS;MASCULIN;285.841.8624;2020-10-13T07:28:46;capacitor;e-markets Electronics
5;AGPX;ASSUREUR;MASCULIN;787.973.4454;2020-10-14T01:21:21;Shoes Interactions;Intelligent Turkey
6;violet initiatives p;PS;FEMININ;1-740-555-6608;2020-10-13T11:48:43;Unbranded B2C;e-commerce grey
7;Mouse virtual Small;ASSURE;MASCULIN;(239) 752-3569;2020-10-13T21:29:48;back-end;Gourde US Dollar indexing
8;Integration Unbrande;ASSURE;MASCULIN;437-692-6438 x359;2020-10-13T17:05:02;Louisiana;Vietnam District extranet
9;Electronics Mill Ber;PS;MASCULIN;519.069.7147 x6241;2020-10-13T11:21:40;Rubber fuchsia JSON;Kids 1080p exploit
10;transform uniform Ta;PS;FEMININ;230.684.9370;2020-10-13T14:09:02;Handmade Wooden Ball primary;engineer e-tailers
